t,x,y,theta,v,omega,h,gamma1,gamma2
0.000000,0.000000,-0.350000,0.000000,0.000196,-0.118228,0.906213,0.001000,0.001000
0.100000,0.000020,-0.350000,-0.011823,0.062238,2.000000,0.724652,0.001000,0.001000
0.200000,0.006209,-0.349453,0.188177,0.121457,1.999999,0.767236,0.001000,0.001000
0.300000,0.017834,-0.346007,0.388177,0.176046,1.999999,0.809027,0.001000,0.001000
0.400000,0.033357,-0.337764,0.588177,0.224787,1.702488,0.848046,0.001000,0.001000
0.500000,0.050908,-0.323764,0.758426,0.267249,1.327553,0.877263,0.001000,0.001000
0.600000,0.069033,-0.304151,0.891181,0.303834,1.023889,0.896566,0.001000,0.001000
0.700000,0.086887,-0.279583,0.993570,0.335262,0.777577,0.908428,0.001000,0.001000
0.800000,0.104072,-0.250806,1.071328,0.362257,0.578100,0.914492,0.001000,0.001000
0.900000,0.120494,-0.218522,1.129138,0.385448,0.417176,0.915863,0.001000,0.001000
1.000000,0.136238,-0.183342,1.170855,0.405347,0.288070,0.913203,0.001000,0.001000
1.100000,0.151481,-0.145784,1.199662,0.422355,0.185194,0.906970,0.001000,0.001000
1.200000,0.166433,-0.106285,1.218182,0.436780,0.103848,0.897367,0.001000,0.001000
1.300000,0.181305,-0.065216,1.228567,0.448856,0.040061,0.884521,0.001000,0.001000
1.400000,0.196283,-0.022904,1.232573,0.458762,-0.009531,0.868458,0.001000,0.001000
1.500000,0.211526,0.020366,1.231620,0.466637,-0.047776,0.849201,0.001000,0.001000
1.600000,0.227156,0.064334,1.226842,0.472582,-0.077086,0.826692,0.001000,0.001000
1.700000,0.243264,0.108762,1.219133,0.476677,-0.099505,0.800986,0.001000,0.001000
1.800000,0.259906,0.153430,1.209183,0.478972,-0.116779,0.772070,0.001000,0.001000
1.900000,0.277112,0.198130,1.197505,0.479497,-0.130413,0.740006,0.001000,0.001000
2.000000,0.294889,0.242662,1.184464,0.478245,-0.141760,0.704890,0.001000,0.001000
2.100000,0.313223,0.286833,1.170288,0.475171,-0.152081,0.666874,0.001000,0.001000
2.200000,0.332081,0.330447,1.155080,0.470183,-0.162646,0.626172,0.001000,0.001000
2.300000,0.351418,0.373304,1.138815,0.463108,-0.174904,0.583007,0.001000,0.001000
2.400000,0.371174,0.415189,1.121325,0.453678,-0.190685,0.537761,0.001000,0.001000
2.500000,0.391274,0.455860,1.102256,0.441506,-0.212499,0.490850,0.001000,0.001000
2.600000,0.411629,0.495038,1.081006,0.426065,-0.244182,0.442786,0.001000,0.001000
2.700000,0.432130,0.532387,1.056588,0.406816,-0.291335,0.394183,0.001000,0.001000
2.800000,0.452652,0.567511,1.027454,0.383539,-0.361700,0.345687,0.001000,0.001000
2.900000,0.473070,0.599976,0.991284,0.357043,-0.463403,0.297943,0.001000,0.001000
3.000000,0.493307,0.629387,0.944944,0.329739,-0.599963,0.251405,0.001000,0.001000
3.100000,0.513413,0.655516,0.884948,0.305255,-0.762801,0.206563,0.001000,0.001000
3.200000,0.533627,0.678379,0.808668,0.286728,-0.928201,0.164368,0.001000,0.001000
3.300000,0.554358,0.698172,0.715848,0.275339,-1.065820,0.126360,0.001000,0.001000
3.400000,0.576056,0.715101,0.609266,0.270319,-1.149447,0.094469,0.001000,0.001000
3.500000,0.599064,0.729264,0.494321,0.269707,-1.165852,0.070144,0.001000,0.001000
3.600000,0.623497,0.740648,0.377736,0.271206,-1.117035,0.053595,0.001000,0.001000
3.700000,0.649211,0.749224,0.266032,0.272863,-1.014147,0.044101,0.001000,0.001000
3.800000,0.675856,0.755051,0.164617,0.273429,-0.872779,0.040247,0.001000,0.001000
3.900000,0.702991,0.758350,0.077340,0.272410,-0.708157,0.040488,0.001000,0.001000
4.000000,0.730202,0.759492,0.006524,0.269966,-0.535231,0.043213,0.001000,0.001000
4.100000,0.757190,0.758945,-0.046999,0.266617,-0.366307,0.047142,0.001000,0.001000
4.200000,0.783793,0.757205,-0.083630,0.262963,-0.211198,0.051393,0.001000,0.001000
4.300000,0.809972,0.754732,-0.104750,0.259508,-0.077143,0.055457,0.001000,0.001000
4.400000,0.835770,0.751919,-0.112464,0.256563,0.031078,0.059093,0.001000,0.001000
4.500000,0.861269,0.749080,-0.109356,0.254249,0.110585,0.062201,0.001000,0.001000
4.600000,0.886557,0.746445,-0.098298,0.252537,0.161093,0.064741,0.001000,0.001000
4.700000,0.911708,0.744169,-0.082188,0.251316,0.185241,0.066724,0.001000,0.001000
4.800000,0.936772,0.742338,-0.063664,0.250461,0.186441,0.068106,0.001000,0.001000
4.900000,0.961781,0.740977,-0.045020,0.249867,0.168918,0.068849,0.001000,0.001000
5.000000,0.986750,0.740064,-0.028128,0.249466,0.137417,0.068937,0.001000,0.001000
5.100000,1.011691,0.739533,-0.014387,0.249229,0.096305,0.068396,0.001000,0.001000
5.200000,1.036613,0.739295,-0.004756,0.249155,0.050060,0.067319,0.001000,0.001000
5.300000,1.061528,0.739239,0.000250,0.249259,0.001935,0.065834,0.001000,0.001000
5.400000,1.086454,0.739247,0.000443,0.249559,-0.045703,0.064089,0.001000,0.001000
5.500000,1.111410,0.739201,-0.004127,0.250076,-0.091672,0.062237,0.001000,0.001000
5.600000,1.136417,0.738984,-0.013294,0.250840,-0.135713,0.060414,0.001000,0.001000
5.700000,1.161495,0.738480,-0.026865,0.251897,-0.178733,0.058730,0.001000,0.001000
5.800000,1.186669,0.737578,-0.044739,0.253328,-0.222266,0.057254,0.001000,0.001000
5.900000,1.211961,0.736164,-0.066965,0.255267,-0.268397,0.056021,0.001000,0.001000
6.000000,1.237405,0.734114,-0.093805,0.257919,-0.318953,0.055032,0.001000,0.001000
6.100000,1.263040,0.731290,-0.125700,0.261567,-0.374953,0.054275,0.001000,0.001000
6.200000,1.288923,0.727525,-0.163196,0.266565,-0.436079,0.053684,0.001000,0.001000
6.300000,1.315123,0.722622,-0.206804,0.273268,-0.498887,0.053305,0.001000,0.001000
6.400000,1.341716,0.716346,-0.256692,0.281974,-0.558622,0.053187,0.001000,0.001000
6.500000,1.368776,0.708429,-0.312554,0.292832,-0.609572,0.053412,0.001000,0.001000
6.600000,1.396349,0.698581,-0.373512,0.305810,-0.647196,0.053945,0.001000,0.001000
6.700000,1.424440,0.686510,-0.438231,0.320691,-0.668849,0.054596,0.001000,0.001000
6.800000,1.453002,0.671941,-0.505116,0.337093,-0.674306,0.054964,0.001000,0.001000
6.900000,1.481930,0.654647,-0.572547,0.354488,-0.665940,0.054305,0.001000,0.001000
7.000000,1.511064,0.634464,-0.639141,0.372033,-0.649188,0.051660,0.001000,0.001000
7.100000,1.540183,0.611319,-0.704060,0.387501,-0.639758,0.045613,0.001000,0.001000
7.200000,1.568897,0.585308,-0.768035,0.196286,-0.770666,0.031561,0.001000,0.001000
7.300000,1.582476,0.571141,-0.845102,0.083282,-0.984398,0.016122,0.001000,0.001000
7.400000,1.587688,0.564649,-0.943542,0.070721,-1.031490,0.010817,0.001000,0.001000
7.500000,1.591536,0.558720,-1.046691,0.070113,-1.035800,0.008049,0.001000,0.001000
7.600000,1.594724,0.552479,-1.150271,0.073572,-1.019654,0.006332,0.001000,0.001000
7.700000,1.597381,0.545621,-1.252236,0.079431,-0.988971,0.005255,0.001000,0.001000
7.800000,1.599492,0.537967,-1.351133,0.088200,-0.946065,0.004637,0.001000,0.001000
7.900000,1.601004,0.529281,-1.445740,0.103412,-0.892919,0.004304,0.001000,0.001000
8.000000,1.601834,0.518977,-1.535032,0.127944,-0.825199,0.004236,0.001000,0.001000
8.100000,1.601764,0.506186,-1.617552,0.138662,-0.758479,0.003449,0.001000,0.001000
8.200000,1.600591,0.492373,-1.693400,0.087784,-0.702089,0.001667,0.001000,0.001000
8.300000,1.599213,0.483705,-1.763608,0.266899,-0.569282,0.004691,0.001000,0.001000
8.400000,1.593356,0.457670,-1.820537,0.594023,-0.411890,0.001169,0.001000,0.001000
8.500000,1.577493,0.400429,-1.861726,0.004661,-0.596890,-0.008147,0.001000,0.001000
8.600000,1.577346,0.399986,-1.921415,0.003761,-0.485009,-0.005377,0.001000,0.001000
8.700000,1.577209,0.399636,-1.969916,0.002939,-0.352439,-0.002891,0.001000,0.001000
8.800000,1.577090,0.399368,-2.005159,0.001945,-0.254722,-0.001604,0.001000,0.001000
8.900000,1.577006,0.399192,-2.030632,0.000650,-0.184146,-0.000961,0.001000,0.001000
9.000000,1.576976,0.399134,-2.049046,-0.000889,-0.134742,-0.000642,0.001000,0.001000
9.100000,1.577018,0.399213,-2.062521,-0.002131,-0.101438,-0.000461,0.001000,0.001000
9.200000,1.577119,0.399400,-2.072664,-0.002477,-0.079246,-0.000322,0.001000,0.001000
9.300000,1.577239,0.399617,-2.080589,-0.002153,-0.063332,-0.000203,0.001000,0.001000
9.400000,1.577345,0.399805,-2.086922,-0.001583,-0.050705,-0.000106,0.001000,0.001000
9.500000,1.577424,0.399942,-2.091993,-0.000896,-0.040188,-0.000036,0.001000,0.001000
9.600000,1.577468,0.400020,-2.096012,-0.000252,-0.029279,0.000000,0.001000,0.001000
9.700000,1.577481,0.400042,-2.098939,0.897022,-0.000339,0.000007,0.001000,0.001000
9.800000,1.532276,0.322563,-2.098973,0.066805,0.705344,0.003851,0.001000,0.001000
9.900000,1.529116,0.316679,-2.028439,0.443459,0.945575,0.006277,0.001000,0.001000
10.000000,1.511431,0.276030,-1.933881,1.258082,0.342349,0.022778,0.001000,0.001000
10.100000,1.468770,0.157682,-1.899646,1.347518,0.655820,0.049169,0.001000,0.001000
10.200000,1.429463,0.028816,-1.834064,1.427289,1.012510,0.097546,0.001000,0.001000
10.300000,1.399354,-0.110639,-1.732813,1.428642,1.119493,0.158605,0.001000,0.001000
10.400000,1.384241,-0.252627,-1.620864,1.452910,1.271507,0.214088,0.001000,0.001000
10.500000,1.386202,-0.397806,-1.493713,1.453692,1.350362,0.261178,0.001000,0.001000
10.600000,1.407133,-0.541549,-1.358677,1.441791,1.365211,0.290386,0.001000,0.001000
10.700000,1.446999,-0.679991,-1.222156,1.416344,1.314140,0.299118,0.001000,0.001000
10.800000,1.503979,-0.809547,-1.090742,1.373086,1.201070,0.289291,0.001000,0.001000
10.900000,1.574545,-0.927239,-0.970635,1.312005,1.047838,0.265254,0.001000,0.001000
11.000000,1.654176,-1.031435,-0.865851,1.239584,0.884073,0.232502,0.001000,0.001000
11.100000,1.738566,-1.122176,-0.777444,1.162851,0.729749,0.196232,0.001000,0.001000
11.200000,1.824345,-1.200651,-0.704469,1.086100,0.594901,0.160254,0.001000,0.001000
11.300000,1.909143,-1.268487,-0.644979,1.010526,0.487006,0.126505,0.001000,0.001000
11.400000,1.991343,-1.327248,-0.596278,0.926385,0.429239,0.095411,0.001000,0.001000
11.500000,2.069088,-1.377610,-0.553354,0.630543,0.526336,0.065872,0.001000,0.001000
11.600000,2.123579,-1.409321,-0.500721,0.484761,0.616826,0.046107,0.001000,0.001000
11.700000,2.166795,-1.431267,-0.439038,0.416729,0.644703,0.032996,0.001000,0.001000
11.800000,2.205060,-1.447753,-0.374568,0.379510,0.630331,0.023967,0.001000,0.001000
11.900000,2.240794,-1.460516,-0.311535,0.357237,0.591243,0.017623,0.001000,0.001000
12.000000,2.275102,-1.470455,-0.252411,0.343690,0.539792,0.013054,0.001000,0.001000
12.100000,2.308597,-1.478136,-0.198431,0.337428,0.482901,0.009726,0.001000,0.001000
12.200000,2.341826,-1.483986,-0.150141,0.339778,0.424246,0.007300,0.001000,0.001000
12.300000,2.375519,-1.488355,-0.107717,0.355460,0.364632,0.005548,0.001000,0.001000
12.400000,2.410921,-1.491531,-0.071253,0.396535,0.300923,0.004263,0.001000,0.001000
12.500000,2.450510,-1.493759,-0.041161,0.490817,0.219165,0.003308,0.001000,0.001000
12.600000,2.499568,-1.495241,-0.019245,0.650488,0.081378,0.002619,0.001000,0.001000
12.700000,2.564609,-1.496228,-0.011107,0.610708,0.076196,0.002073,0.001000,0.001000
12.800000,2.625678,-1.496673,-0.003487,0.574833,0.069838,0.001860,0.001000,0.001000
12.900000,2.683162,-1.496673,0.003497,0.542536,0.062590,0.001924,0.001000,0.001000
13.000000,2.737414,-1.496314,0.009756,0.513497,0.055169,0.002220,0.001000,0.001000
13.100000,2.788760,-1.495671,0.015272,0.487406,0.048551,0.002717,0.001000,0.001000
13.200000,2.837493,-1.494808,0.020127,0.463970,0.043852,0.003390,0.001000,0.001000
13.300000,2.883878,-1.493773,0.024513,0.442918,0.042173,0.004223,0.001000,0.001000
13.400000,2.928154,-1.492594,0.028730,0.424006,0.044568,0.005209,0.001000,0.001000
13.500000,2.970534,-1.491282,0.033187,0.407028,0.052014,0.006350,0.001000,0.001000
13.600000,3.011211,-1.489825,0.038388,0.391814,0.065227,0.007657,0.001000,0.001000
13.700000,3.050358,-1.488194,0.044911,0.378220,0.083066,0.009133,0.001000,0.001000
13.800000,3.088135,-1.486339,0.053218,0.366171,0.108211,0.010836,0.001000,0.001000
13.900000,3.124689,-1.484193,0.064039,0.355644,0.141548,0.012808,0.001000,0.001000
14.000000,3.160163,-1.481666,0.078194,0.346682,0.183654,0.015109,0.001000,0.001000
14.100000,3.194698,-1.478641,0.096559,0.339410,0.234874,0.017790,0.001000,0.001000
14.200000,3.228440,-1.474972,0.120046,0.334008,0.293917,0.020961,0.001000,0.001000
14.300000,3.261537,-1.470486,0.149438,0.330661,0.357564,0.024867,0.001000,0.001000
14.400000,3.294139,-1.464979,0.185195,0.329583,0.422570,0.029691,0.001000,0.001000
14.500000,3.326396,-1.458228,0.227452,0.330847,0.483518,0.035900,0.001000,0.001000
14.600000,3.358436,-1.449991,0.275803,0.334452,0.536130,0.043901,0.001000,0.001000
14.700000,3.390357,-1.440025,0.329416,0.340269,0.576906,0.054131,0.001000,0.001000
14.800000,3.422219,-1.428095,0.387107,0.348054,0.603751,0.066997,0.001000,0.001000
14.900000,3.454033,-1.413991,0.447482,0.357497,0.616167,0.082823,0.001000,0.001000
15.000000,3.485766,-1.397540,0.509099,0.368267,0.615043,0.101782,0.001000,0.001000
15.100000,3.517351,-1.378614,0.570603,0.380041,0.602108,0.123882,0.001000,0.001000
15.200000,3.548697,-1.357136,0.630814,0.392522,0.579565,0.148994,0.001000,0.001000
15.300000,3.579706,-1.333079,0.688770,0.405450,0.549696,0.176924,0.001000,0.001000
15.400000,3.610284,-1.306462,0.743740,0.418602,0.514630,0.207355,0.001000,0.001000
15.500000,3.640348,-1.277341,0.795203,0.431797,0.476288,0.239913,0.001000,0.001000
15.600000,3.669835,-1.245802,0.842832,0.444880,0.436252,0.274168,0.001000,0.001000
15.700000,3.698701,-1.211956,0.886457,0.457728,0.395818,0.309698,0.001000,0.001000
15.800000,3.726928,-1.175926,0.926039,0.470242,0.355989,0.346029,0.001000,0.001000
15.900000,3.754515,-1.137847,0.961637,0.482333,0.317500,0.382758,0.001000,0.001000
16.000000,3.781480,-1.097858,0.993387,0.493929,0.280886,0.419456,0.001000,0.001000
16.100000,3.807857,-1.056100,1.021476,0.504971,0.246498,0.455744,0.001000,0.001000
16.200000,3.833688,-1.012711,1.046126,0.515407,0.214546,0.491305,0.001000,0.001000
16.300000,3.859026,-0.967830,1.067580,0.525192,0.185132,0.525842,0.001000,0.001000
16.400000,3.883926,-0.921589,1.086094,0.534291,0.158273,0.559096,0.001000,0.001000
16.500000,3.908445,-0.874119,1.101921,0.542673,0.133924,0.590866,0.001000,0.001000
16.600000,3.932643,-0.825546,1.115313,0.550314,0.111992,0.620990,0.001000,0.001000
16.700000,3.956574,-0.775991,1.126512,0.557195,0.092354,0.649332,0.001000,0.001000
16.800000,3.980290,-0.725571,1.135748,0.563303,0.074864,0.675786,0.001000,0.001000
16.900000,4.003839,-0.674399,1.143234,0.568628,0.059354,0.700229,0.001000,0.001000
17.000000,4.027264,-0.622585,1.149170,0.573167,0.045646,0.722601,0.001000,0.001000
17.100000,4.050601,-0.570235,1.153734,0.576918,0.033552,0.742806,0.001000,0.001000
17.200000,4.073882,-0.517449,1.157089,0.579884,0.022869,0.760692,0.001000,0.001000
17.300000,4.097133,-0.464326,1.159376,0.582070,0.013400,0.776193,0.001000,0.001000
17.400000,4.120375,-0.410961,1.160716,0.583484,0.004937,0.789174,0.001000,0.001000
17.500000,4.143624,-0.357445,1.161210,0.584134,-0.002723,0.799427,0.001000,0.001000
17.600000,4.166894,-0.303866,1.160938,0.584028,-0.009763,0.806832,0.001000,0.001000
17.700000,4.190192,-0.250312,1.159961,0.583175,-0.016370,0.811217,0.001000,0.001000
17.800000,4.213526,-0.196866,1.158324,0.581578,-0.022702,0.812333,0.001000,0.001000
17.900000,4.236901,-0.143612,1.156054,0.579241,-0.028905,0.810067,0.001000,0.001000
18.000000,4.260318,-0.090633,1.153164,0.576158,-0.035116,0.804249,0.001000,0.001000
18.100000,4.283779,-0.038010,1.149652,0.572320,-0.041461,0.794681,0.001000,0.001000
18.200000,4.307284,0.014173,1.145506,0.567709,-0.048061,0.781293,0.001000,0.001000
18.300000,4.330831,0.065830,1.140700,0.562295,-0.055051,0.764001,0.001000,0.001000
18.400000,4.354417,0.116873,1.135195,0.556038,-0.062586,0.742744,0.001000,0.001000
18.500000,4.378037,0.167211,1.128936,0.548875,-0.070879,0.717554,0.001000,0.001000
18.600000,4.401684,0.216743,1.121848,0.540722,-0.080201,0.688480,0.001000,0.001000
18.700000,4.425348,0.265363,1.113828,0.531455,-0.090969,0.655643,0.001000,0.001000
18.800000,4.449013,0.312948,1.104731,0.520902,-0.103764,0.619256,0.001000,0.001000
18.900000,4.472662,0.359360,1.094355,0.508813,-0.119529,0.579570,0.001000,0.001000
19.000000,4.496267,0.404434,1.082402,0.494823,-0.139741,0.536912,0.001000,0.001000
19.100000,4.519789,0.447968,1.068428,0.478427,-0.166776,0.491789,0.001000,0.001000
19.200000,4.543174,0.489705,1.051750,0.458952,-0.204517,0.444730,0.001000,0.001000
19.300000,4.566347,0.529320,1.031299,0.435646,-0.259156,0.396408,0.001000,0.001000
19.400000,4.589208,0.566403,1.005383,0.408111,-0.339367,0.347578,0.001000,0.001000
19.500000,4.611653,0.600485,0.971446,0.377191,-0.454191,0.299011,0.001000,0.001000
19.600000,4.633631,0.631136,0.926027,0.345767,-0.606747,0.251274,0.001000,0.001000
19.700000,4.655237,0.658123,0.865353,0.318068,-0.785566,0.205046,0.001000,0.001000
19.800000,4.676789,0.681504,0.786796,0.297482,-0.963030,0.161525,0.001000,0.001000
19.900000,4.698776,0.701526,0.690493,0.284983,-1.105823,0.122651,0.001000,0.001000
20.000000,4.721704,0.718426,0.579911,0.276954,-1.187950,0.090598,0.001000,0.001000
20.100000,4.745718,0.732192,0.461116,0.278454,-1.194591,0.067175,0.001000,0.001000
20.200000,4.771335,0.743064,0.341656,0.279293,-1.137401,0.051742,0.001000,0.001000
20.300000,4.798125,0.750907,0.227916,0.280109,-1.024709,0.043874,0.001000,0.001000
20.400000,4.825687,0.755828,0.125445,0.279700,-0.873804,0.041944,0.001000,0.001000
20.500000,4.853555,0.758111,0.038065,0.277679,-0.700507,0.044275,0.001000,0.001000
20.600000,4.881317,0.758196,-0.031986,0.274330,-0.520259,0.049144,0.001000,0.001000
20.700000,4.908701,0.756606,-0.084012,0.270255,-0.345711,0.055211,0.001000,0.001000
20.800000,4.935587,0.753873,-0.118583,0.266091,-0.186941,0.061569,0.001000,0.001000
20.900000,4.961978,0.750478,-0.137277,0.262326,-0.051527,0.067707,0.001000,0.001000
21.000000,4.987954,0.746821,-0.142430,0.259230,0.054635,0.073330,0.001000,0.001000
21.100000,5.013625,0.743212,-0.136966,0.256841,0.130276,0.078418,0.001000,0.001000
21.200000,5.039091,0.739871,-0.123938,0.255072,0.175676,0.082940,0.001000,0.001000
21.300000,5.064428,0.736940,-0.106371,0.253771,0.192535,0.086790,0.001000,0.001000
21.400000,5.089686,0.734489,-0.087117,0.252789,0.185870,0.089960,0.001000,0.001000
21.500000,5.114888,0.732524,-0.068530,0.252014,0.160418,0.092389,0.001000,0.001000
21.600000,5.140044,0.731000,-0.052489,0.251399,0.121098,0.094071,0.001000,0.001000
21.700000,5.165156,0.729833,-0.040379,0.250934,0.072942,0.095044,0.001000,0.001000
21.800000,5.190233,0.728911,-0.033085,0.250648,0.019685,0.095421,0.001000,0.001000
21.900000,5.215284,0.728107,-0.031116,0.250576,-0.034628,0.095382,0.001000,0.001000
22.000000,5.240329,0.727284,-0.034579,0.250770,-0.087977,0.095133,0.001000,0.001000
22.100000,5.265386,0.726307,-0.043377,0.251271,-0.138663,0.094873,0.001000,0.001000
22.200000,5.290482,0.725043,-0.057243,0.252132,-0.186641,0.094797,0.001000,0.001000
22.300000,5.315639,0.723366,-0.075907,0.253418,-0.231987,0.095065,0.001000,0.001000
22.400000,5.340883,0.721151,-0.099106,0.255225,-0.275883,0.095810,0.001000,0.001000
22.500000,5.366242,0.718276,-0.126694,0.257685,-0.319484,0.097094,0.001000,0.001000
22.600000,5.391748,0.714612,-0.158642,0.260971,-0.363517,0.098998,0.001000,0.001000
22.700000,5.417437,0.710022,-0.194994,0.265279,-0.407729,0.101628,0.001000,0.001000
22.800000,5.443350,0.704353,-0.235767,0.270852,-0.451823,0.104948,0.001000,0.001000
22.900000,5.469534,0.697433,-0.280949,0.277874,-0.493629,0.109108,0.001000,0.001000
23.000000,5.496031,0.689073,-0.330312,0.286501,-0.530593,0.114138,0.001000,0.001000
23.100000,5.522873,0.679066,-0.383371,0.296806,-0.560409,0.120047,0.001000,0.001000
23.200000,5.550073,0.667199,-0.439412,0.308758,-0.580779,0.126781,0.001000,0.001000
23.300000,5.577619,0.653260,-0.497490,0.322223,-0.590443,0.134181,0.001000,0.001000
23.400000,5.605465,0.637056,-0.556535,0.336995,-0.589275,0.141914,0.001000,0.001000
23.500000,5.633538,0.618422,-0.615462,0.352800,-0.578097,0.149488,0.001000,0.001000
23.600000,5.661740,0.597233,-0.673272,0.369328,-0.558556,0.156233,0.001000,0.001000
23.700000,5.689955,0.573409,-0.729127,0.386221,-0.532870,0.161388,0.001000,0.001000
23.800000,5.718059,0.546923,-0.782414,0.403067,-0.503884,0.164065,0.001000,0.001000
23.900000,5.745917,0.517799,-0.832803,0.419324,-0.475481,0.163324,0.001000,0.001000
24.000000,5.773382,0.486118,-0.880351,0.434111,-0.453960,0.158156,0.001000,0.001000
24.100000,5.800260,0.452034,-0.925747,0.445617,-0.452591,0.147510,0.001000,0.001000
24.200000,5.826238,0.415832,-0.971006,0.449597,-0.505800,0.129933,0.001000,0.001000
24.300000,5.850667,0.378094,-1.021586,0.425941,-0.691176,0.102717,0.001000,0.001000
24.400000,5.871629,0.341024,-1.090704,0.254618,-1.017886,0.064974,0.001000,0.001000
24.500000,5.882220,0.317882,-1.192492,0.231739,-1.078045,0.046353,0.001000,0.001000
24.600000,5.889603,0.295928,-1.300297,0.222059,-1.054640,0.034142,0.001000,0.001000
24.700000,5.894398,0.274256,-1.405761,0.227593,-0.991085,0.025747,0.001000,0.001000
24.800000,5.897020,0.251658,-1.504869,0.510401,-0.834324,0.021215,0.001000,0.001000
24.900000,5.898255,0.200647,-1.588302,0.535365,-0.879377,0.003362,0.001000,0.001000
25.000000,5.894967,0.147229,-1.676239,0.523274,-0.647128,0.000314,0.001000,0.001000
25.100000,5.887780,0.095407,-1.740952,0.609916,-0.063684,0.021597,0.001000,0.001000
25.200000,5.877261,0.035329,-1.747321,0.606560,0.117166,0.040130,0.001000,0.001000
25.300000,5.866959,-0.024445,-1.735604,0.606718,0.231833,0.059114,0.001000,0.001000
25.400000,5.857700,-0.084405,-1.712421,0.615158,0.320066,0.078700,0.001000,0.001000
25.500000,5.849993,-0.145433,-1.680414,0.646062,0.492344,0.099712,0.001000,0.001000
25.600000,5.844508,-0.209800,-1.631180,0.668997,0.694264,0.123762,0.001000,0.001000
25.700000,5.842792,-0.276664,-1.561753,0.685269,0.798708,0.148964,0.001000,0.001000
25.800000,5.846146,-0.345091,-1.481882,0.700063,0.855321,0.171844,0.001000,0.001000
25.900000,5.855335,-0.414470,-1.396350,0.713373,0.878550,0.190834,0.001000,0.001000
26.000000,5.870784,-0.484090,-1.308495,0.722966,0.869611,0.205163,0.001000,0.001000
26.100000,5.892542,-0.553012,-1.221534,0.728535,0.833024,0.214248,0.001000,0.001000
26.200000,5.920293,-0.620350,-1.138232,0.730222,0.778966,0.218146,0.001000,0.001000
26.300000,5.953454,-0.685387,-1.060335,0.727399,0.710139,0.217440,0.001000,0.001000
26.400000,5.991216,-0.747540,-0.989321,0.720217,0.629095,0.213018,0.001000,0.001000
26.500000,6.032641,-0.806441,-0.926412,0.709449,0.541559,0.205797,0.001000,0.001000
26.600000,6.076772,-0.861978,-0.872256,0.695708,0.451765,0.196842,0.001000,0.001000
26.700000,6.122701,-0.914226,-0.827079,0.679601,0.361836,0.186942,0.001000,0.001000
26.800000,6.169607,-0.963398,-0.790896,0.661988,0.274729,0.176659,0.001000,0.001000
26.900000,6.216799,-1.009819,-0.763423,0.643720,0.193946,0.166379,0.001000,0.001000
27.000000,6.263735,-1.053872,-0.744028,0.625381,0.121980,0.156226,0.001000,0.001000
27.100000,6.310004,-1.095945,-0.731830,0.607348,0.060476,0.146336,0.001000,0.001000
27.200000,6.355311,-1.136393,-0.725783,0.589804,0.010259,0.136621,0.001000,0.001000
27.300000,6.399447,-1.175517,-0.724757,0.572781,-0.028385,0.126890,0.001000,0.001000
27.400000,6.442275,-1.213550,-0.727595,0.556195,-0.055547,0.116959,0.001000,0.001000
27.500000,6.483707,-1.250656,-0.733150,0.539845,-0.071447,0.106603,0.001000,0.001000
27.600000,6.523692,-1.286927,-0.740295,0.523359,-0.075923,0.095547,0.001000,0.001000
27.700000,6.562196,-1.322374,-0.747887,0.505927,-0.067023,0.083676,0.001000,0.001000
27.800000,6.599171,-1.356905,-0.754589,0.485041,-0.034678,0.070857,0.001000,0.001000
27.900000,6.634451,-1.390191,-0.758057,0.450429,0.077309,0.056943,0.001000,0.001000
28.000000,6.667279,-1.421032,-0.750326,0.245138,0.416728,0.039019,0.001000,0.001000
28.100000,6.685553,-1.437369,-0.708653,0.162530,0.636677,0.025826,0.001000,0.001000
28.200000,6.698222,-1.447547,-0.644986,0.144354,0.714532,0.018302,0.001000,0.001000
28.300000,6.710057,-1.455806,-0.573532,0.141256,0.733672,0.013401,0.001000,0.001000
28.400000,6.722193,-1.463029,-0.500165,0.144262,0.719327,0.010082,0.001000,0.001000
28.500000,6.735090,-1.469486,-0.428233,0.150233,0.684357,0.007769,0.001000,0.001000
28.600000,6.748959,-1.475252,-0.359797,0.157318,0.638443,0.006009,0.001000,0.001000
28.700000,6.763850,-1.480318,-0.295953,0.165679,0.583505,0.004780,0.001000,0.001000
28.800000,6.779830,-1.484685,-0.237602,0.174472,0.527178,0.003756,0.001000,0.001000
28.900000,6.796887,-1.488343,-0.184884,0.185519,0.468896,0.003024,0.001000,0.001000
29.000000,6.815196,-1.491324,-0.137995,0.200888,0.411192,0.002458,0.001000,0.001000
29.100000,6.835145,-1.493678,-0.096875,0.224542,0.356267,0.001987,0.001000,0.001000
29.200000,6.857528,-1.495451,-0.061249,0.267472,0.301009,0.001620,0.001000,0.001000
29.300000,6.884246,-1.496686,-0.031148,0.359176,0.219979,0.001357,0.001000,0.001000
29.400000,6.920156,-1.497410,-0.009150,0.430160,0.115981,0.001182,0.001000,0.001000
29.500000,6.963171,-1.497554,0.002448,0.412280,0.098099,0.001194,0.001000,0.001000
29.600000,7.004398,-1.497251,0.012258,0.396162,0.078943,0.001463,0.001000,0.001000
29.700000,7.044009,-1.496609,0.020152,0.381663,0.060349,0.001920,0.001000,0.001000
29.800000,7.082165,-1.495725,0.026187,0.368639,0.044140,0.002515,0.001000,0.001000
29.900000,7.119014,-1.494678,0.030601,0.356949,0.032005,0.003210,0.001000,0.001000
30.000000,7.154690,-1.493529,0.033802,0.346455,0.025426,0.003981,0.001000,0.001000
30.100000,7.189314,-1.492314,0.036344,0.337036,0.025674,0.004815,0.001000,0.001000
30.200000,7.222994,-1.491046,0.038912,0.328593,0.033964,0.005707,0.001000,0.001000
30.300000,7.255826,-1.489712,0.042308,0.321057,0.051058,0.006651,0.001000,0.001000
30.400000,7.287899,-1.488272,0.047414,0.314392,0.076619,0.007641,0.001000,0.001000
30.500000,7.319297,-1.486662,0.055076,0.308650,0.114073,0.008698,0.001000,0.001000
30.600000,7.350105,-1.484787,0.066483,0.303962,0.164993,0.009818,0.001000,0.001000
30.700000,7.380416,-1.482518,0.082982,0.300580,0.229938,0.011001,0.001000,0.001000
30.800000,7.410339,-1.479682,0.105976,0.298861,0.307297,0.012275,0.001000,0.001000
30.900000,7.440005,-1.476065,0.136706,0.299229,0.392775,0.013705,0.001000,0.001000
31.000000,7.469561,-1.471406,0.175983,0.301977,0.477617,0.015680,0.001000,0.001000
31.100000,7.499154,-1.465411,0.223745,0.307278,0.554104,0.018590,0.001000,0.001000
31.200000,7.528912,-1.457767,0.279155,0.315034,0.614955,0.023037,0.001000,0.001000
31.300000,7.558910,-1.448161,0.340651,0.324985,0.656389,0.029482,0.001000,0.001000
31.400000,7.589163,-1.436306,0.406290,0.336746,0.677447,0.038257,0.001000,0.001000
31.500000,7.619622,-1.421960,0.474035,0.349880,0.679535,0.049529,0.001000,0.001000
31.600000,7.650185,-1.404944,0.541988,0.363981,0.665562,0.063204,0.001000,0.001000
31.700000,7.680719,-1.385145,0.608544,0.378680,0.638939,0.079096,0.001000,0.001000
31.800000,7.711077,-1.362519,0.672438,0.393674,0.603090,0.096870,0.001000,0.001000
31.900000,7.741116,-1.337084,0.732747,0.408717,0.561082,0.116098,0.001000,0.001000
32.000000,7.770715,-1.308907,0.788855,0.423619,0.515491,0.136340,0.001000,0.001000
32.100000,7.799778,-1.278093,0.840405,0.438227,0.468364,0.157083,0.001000,0.001000
32.200000,7.828240,-1.244776,0.887241,0.452424,0.421291,0.177861,0.001000,0.001000
32.300000,7.856066,-1.209107,0.929370,0.466116,0.375429,0.198250,0.001000,0.001000
32.400000,7.883248,-1.171245,0.966913,0.479227,0.331607,0.217793,0.001000,0.001000
32.500000,7.909801,-1.131354,1.000074,0.491695,0.290371,0.236156,0.001000,0.001000
32.600000,7.935760,-1.089598,1.029111,0.503471,0.252053,0.253046,0.001000,0.001000
32.700000,7.961172,-1.046136,1.054316,0.514514,0.216824,0.268232,0.001000,0.001000
32.800000,7.986093,-1.001124,1.075998,0.524793,0.184734,0.281612,0.001000,0.001000
32.900000,8.010585,-0.954711,1.094472,0.534286,0.155744,0.293097,0.001000,0.001000
33.000000,8.034712,-0.907041,1.110046,0.542980,0.129760,0.302712,0.001000,0.001000
33.100000,8.058537,-0.858250,1.123022,0.550870,0.106648,0.310556,0.001000,0.001000
33.200000,8.082123,-0.808467,1.133687,0.557956,0.086254,0.316745,0.001000,0.001000
33.300000,8.105524,-0.757817,1.142312,0.564245,0.068399,0.321468,0.001000,0.001000
33.400000,8.128792,-0.706413,1.149152,0.569747,0.052893,0.324957,0.001000,0.001000
33.500000,8.151972,-0.654367,1.154441,0.574471,0.039521,0.327406,0.001000,0.001000
33.600000,8.175102,-0.601782,1.158394,0.578425,0.028044,0.329036,0.001000,0.001000
33.700000,8.198211,-0.548757,1.161198,0.581615,0.018196,0.330046,0.001000,0.001000
33.800000,8.221325,-0.495385,1.163018,0.584045,0.009693,0.330556,0.001000,0.001000
33.900000,8.244460,-0.441758,1.163987,0.585719,0.002236,0.330647,0.001000,0.001000
34.000000,8.267630,-0.387964,1.164210,0.586640,-0.004448,0.330382,0.001000,0.001000
34.100000,8.290842,-0.334088,1.163766,0.586814,-0.010614,0.329721,0.001000,0.001000
34.200000,8.314102,-0.280213,1.162704,0.586248,-0.016466,0.328548,0.001000,0.001000
34.300000,8.337412,-0.226422,1.161058,0.584949,-0.022155,0.326788,0.001000,0.001000
34.400000,8.360774,-0.172794,1.158842,0.582928,-0.027781,0.324270,0.001000,0.001000
34.500000,8.384189,-0.119411,1.156064,0.580192,-0.033403,0.320785,0.001000,0.001000
34.600000,8.407656,-0.066350,1.152724,0.576747,-0.039048,0.316209,0.001000,0.001000
34.700000,8.431175,-0.013688,1.148819,0.572597,-0.044733,0.310352,0.001000,0.001000
34.800000,8.454743,0.038496,1.144346,0.567746,-0.050468,0.303044,0.001000,0.001000
34.900000,8.478358,0.090127,1.139299,0.562193,-0.056274,0.294211,0.001000,0.001000
35.000000,8.502014,0.141127,1.133671,0.555937,-0.062184,0.283727,0.001000,0.001000
35.100000,8.525705,0.191419,1.127453,0.548974,-0.068251,0.271559,0.001000,0.001000
35.200000,8.549423,0.240929,1.120628,0.541298,-0.074547,0.257737,0.001000,0.001000
35.300000,8.573157,0.289578,1.113173,0.532900,-0.081167,0.242259,0.001000,0.001000
35.400000,8.596896,0.337288,1.105057,0.523760,-0.088232,0.225255,0.001000,0.001000
35.500000,8.620623,0.383981,1.096233,0.513842,-0.095891,0.206878,0.001000,0.001000
35.600000,8.644322,0.429574,1.086644,0.503073,-0.104338,0.187291,0.001000,0.001000
35.700000,8.667970,0.473976,1.076211,0.491291,-0.113863,0.166744,0.001000,0.001000
35.800000,8.691535,0.517084,1.064824,0.478152,-0.124966,0.145520,0.001000,0.001000
35.900000,8.714970,0.558763,1.052328,0.462776,-0.138773,0.123931,0.001000,0.001000
36.000000,8.738181,0.598798,1.038450,0.442644,-0.158818,0.102361,0.001000,0.001000
36.100000,8.760950,0.636757,1.022568,0.410132,-0.199914,0.081179,0.001000,0.001000
36.200000,8.782673,0.671544,1.002577,0.339361,-0.317870,0.060425,0.001000,0.001000
36.300000,8.801387,0.699852,0.970790,0.179133,-0.568547,0.039678,0.001000,0.001000
36.400000,8.811916,0.714341,0.913935,0.115621,-0.745614,0.026333,0.001000,0.001000
36.500000,8.819311,0.723226,0.839374,0.095641,-0.830594,0.018337,0.001000,0.001000
36.600000,8.825987,0.730070,0.756315,0.091439,-0.861129,0.013345,0.001000,0.001000
36.700000,8.832900,0.736051,0.670202,0.094613,-0.860801,0.009979,0.001000,0.001000
36.800000,8.840559,0.741602,0.584122,0.102508,-0.835907,0.007813,0.001000,0.001000
36.900000,8.849336,0.746891,0.500531,0.112956,-0.796677,0.006244,0.001000,0.001000
37.000000,8.859451,0.751912,0.420863,0.124623,-0.746199,0.005119,0.001000,0.001000
37.100000,8.871005,0.756574,0.346243,0.135364,-0.690487,0.004196,0.001000,0.001000
37.200000,8.883887,0.760725,0.277195,0.142340,-0.632437,0.003454,0.001000,0.001000
37.300000,8.897691,0.764185,0.213951,0.140817,-0.580246,0.002706,0.001000,0.001000
37.400000,8.911531,0.766774,0.155926,0.126392,-0.536400,0.002029,0.001000,0.001000
37.500000,8.924064,0.768401,0.102286,0.099473,-0.505542,0.001354,0.001000,0.001000
37.600000,8.933980,0.769166,0.051732,0.071091,-0.485295,0.000760,0.001000,0.001000
37.700000,8.941086,0.769361,0.003203,0.050260,-0.470250,0.000349,0.001000,0.001000
37.800000,8.946111,0.769259,-0.043822,0.036445,-0.460116,0.000045,0.001000,0.001000
37.900000,8.949747,0.769016,-0.089834,0.028137,-0.446668,-0.000028,0.001000,0.001000
38.000000,8.952542,0.768701,-0.134501,0.022213,-0.439534,-0.000154,0.001000,0.001000
38.100000,8.954736,0.768355,-0.178454,0.018338,-0.430192,-0.000167,0.001000,0.001000
38.200000,8.956534,0.767991,-0.221474,0.015695,-0.419807,-0.000115,0.001000,0.001000
38.300000,8.958057,0.767614,-0.263454,0.013824,-0.409468,-0.000035,0.001000,0.001000
38.400000,8.959384,0.767227,-0.304401,0.012463,-0.399701,0.000054,0.001000,0.001000
38.500000,8.960565,0.766829,-0.344371,0.011374,-0.393466,0.000087,0.001000,0.001000
38.600000,8.961628,0.766424,-0.383718,0.010503,-0.389712,0.000083,0.001000,0.001000
38.700000,8.962594,0.766012,-0.422689,0.009871,-0.384885,0.000109,0.001000,0.001000
38.800000,8.963486,0.765590,-0.461177,0.009414,-0.379646,0.000150,0.001000,0.001000
38.900000,8.964321,0.765155,-0.499142,0.009090,-0.374395,0.000199,0.001000,0.001000
39.000000,8.965111,0.764705,-0.536582,0.008871,-0.369380,0.000248,0.001000,0.001000
39.100000,8.965865,0.764238,-0.573519,0.008739,-0.364744,0.000296,0.001000,0.001000
39.200000,8.966590,0.763750,-0.609994,0.008683,-0.360574,0.000339,0.001000,0.001000
39.300000,8.967293,0.763240,-0.646051,0.008694,-0.356916,0.000378,0.001000,0.001000
39.400000,8.967977,0.762705,-0.681743,0.008768,-0.353793,0.000411,0.001000,0.001000
39.500000,8.968648,0.762140,-0.717122,0.008907,-0.351217,0.000439,0.001000,0.001000
39.600000,8.969309,0.761543,-0.752244,0.009110,-0.349196,0.000461,0.001000,0.001000
39.700000,8.969963,0.760909,-0.787164,0.009384,-0.347738,0.000478,0.001000,0.001000
39.800000,8.970614,0.760233,-0.821937,0.009695,-0.350604,0.000423,0.001000,0.001000
39.900000,8.971262,0.759512,-0.856998,0.010113,-0.350435,0.000415,0.001000,0.001000
40.000000,8.971910,0.758736,-0.892041,0.010113,-0.350435,0.000415,0.001000,0.001000
